{
  "@microsoft/generator-sharepoint": {
    "plusBeta": false,
    "isCreatingSolution": true,
    "nodeVersion": "18.20.8",
    "sdksVersions": {
      "@microsoft/microsoft-graph-client": "3.0.2",
      "@microsoft/teams-js": "2.24.0"
    },
    "version": "1.20.0",
    "libraryName": "application-insights-test",
    "libraryId": "a3dee2b1-02b9-4b99-b907-3282f828e50d",
    "environment": "spo",
    "packageManager": "npm",
    "solutionName": "application-insights-test",
    "solutionShortDescription": "application-insights-test description",
    "skipFeatureDeployment": true,
    "isDomainIsolated": false,
    "componentType": "webpart"
  }
}
