{
  "$schema": "https://developer.microsoft.com/json-schemas/spfx-build/package-solution.schema.json",
  "solution": {
    "name": "application-insights-test-client-side-solution",
    "id": "a3dee2b1-02b9-4b99-b907-3282f828e50d",
    "version": "1.0.0.0",
    "includeClientSideAssets": true,
    "skipFeatureDeployment": true,
    "isDomainIsolated": false,
    "developer": {
      "name": "",
      "websiteUrl": "",
      "privacyUrl": "",
      "termsOfUseUrl": "",
      "mpnId": "Undefined-1.20.0"
    },
    "metadata": {
      "shortDescription": {
        "default": "application-insights-test description"
      },
      "longDescription": {
        "default": "application-insights-test description"
      },
      "screenshotPaths": [],
      "videoUrl": "",
      "categories": []
    },
    "features": [
      {
        "title": "application-insights-test Feature",
        "description": "The feature that activates elements of the application-insights-test solution.",
        "id": "f19888bb-d5a0-4960-94d9-dec433dc72d7",
        "version": "1.0.0.0"
      }
    ]
  },
  "paths": {
    "zippedPackage": "solution/application-insights-test.sppkg"
  }
}
